especie,fecha,den,habitat,cota,mes,year,sp.abb
Oenanthe oenanthe,1982-06-06,0.5,cumbres,3200,6,1982,Oen.oen
Phoenicurus ochruros,1982-06-06,3,cumbres,3200,6,1982,Pho.och
Prunella collaris,1982-06-06,2.5,cumbres,3200,6,1982,Pru.col
Oenanthe oenanthe,1982-06-07,0.5,cumbres,3200,6,1982,Oen.oen
Phoenicurus ochruros,1982-06-07,1,cumbres,3200,6,1982,Pho.och
Prunella collaris,1982-06-07,4,cumbres,3200,6,1982,Pru.col
Oenanthe oenanthe,1982-07-12,1,cumbres,3200,7,1982,Oen.oen
Carduelis cannabina,1982-07-12,0.5,cumbres,3200,7,1982,Car.can
Oenanthe oenanthe,1982-07-13,1.5,cumbres,3200,7,1982,Oen.oen
Prunella collaris,1982-07-13,2.5,cumbres,3200,7,1982,Pru.col
Carduelis cannabina,1982-07-13,0.5,cumbres,3200,7,1982,Car.can
Phoenicurus ochruros,1982-07-13,0.5,cumbres,3200,7,1982,Pho.och
Prunella collaris,1982-07-23,1,cumbres,3200,7,1982,Pru.col
Phoenicurus ochruros,1982-07-23,1,cumbres,3200,7,1982,Pho.och
Oenanthe oenanthe,1982-07-23,0.5,cumbres,3200,7,1982,Oen.oen
Carduelis cannabina,1982-07-23,3.5,cumbres,3200,7,1982,Car.can
Prunella collaris,1982-07-24,3,cumbres,3200,7,1982,Pru.col
Oenanthe oenanthe,1982-07-24,0.5,cumbres,3200,7,1982,Oen.oen
Phoenicurus ochruros,1982-07-24,0.5,cumbres,3200,7,1982,Pho.och
Carduelis cannabina,1982-07-24,1,cumbres,3200,7,1982,Car.can
Oenanthe oenanthe,1984-05-05,15.69,enebral,2230,5,1984,Oen.oen
Alauda arvensis,1984-05-05,3.92,enebral,2230,5,1984,Ala.arv
Emberiza cia,1984-05-05,15.69,enebral,2230,5,1984,Emb.cia
Phoenicurus ochruros,1984-05-05,0.98,enebral,2230,5,1984,Pho.och
Anthus campestris,1984-05-05,0.98,enebral,2230,5,1984,Ant.cam
Alauda arvensis,1984-05-13,5.88,enebral,2230,5,1984,Ala.arv
Oenanthe oenanthe,1984-05-13,12.75,enebral,2230,5,1984,Oen.oen
Phoenicurus ochruros,1984-05-13,0.98,enebral,2230,5,1984,Pho.och
Emberiza cia,1984-05-13,3.92,enebral,2230,5,1984,Emb.cia
Alauda arvensis,1984-05-31,3.92,enebral,2230,5,1984,Ala.arv
Oenanthe oenanthe,1984-05-31,9.8,enebral,2230,5,1984,Oen.oen
Prunella collaris,1984-05-31,0.98,enebral,2230,5,1984,Pru.col
Emberiza cia,1984-05-31,1.96,enebral,2230,5,1984,Emb.cia
Phoenicurus ochruros,1984-05-31,1.96,enebral,2230,5,1984,Pho.och
Troglodytes troglodytes,1984-05-31,0.98,enebral,2230,5,1984,Tro.tro
Carduelis cannabina,1984-05-31,1.96,enebral,2230,5,1984,Car.can
Alauda arvensis,1984-06-07,6.86,enebral,2230,6,1984,Ala.arv
Oenanthe oenanthe,1984-06-07,7.84,enebral,2230,6,1984,Oen.oen
Emberiza cia,1984-06-07,2.94,enebral,2230,6,1984,Emb.cia
Carduelis cannabina,1984-06-07,0.98,enebral,2230,6,1984,Car.can
Phoenicurus ochruros,1984-06-07,2.94,enebral,2230,6,1984,Pho.och
Prunella collaris,1984-06-07,0.98,enebral,2230,6,1984,Pru.col
Carduelis cannabina,1984-06-13,3.92,enebral,2230,6,1984,Car.can
Alauda arvensis,1984-06-13,1.96,enebral,2230,6,1984,Ala.arv
Oenanthe oenanthe,1984-06-13,8.82,enebral,2230,6,1984,Oen.oen
Phoenicurus ochruros,1984-06-13,0.98,enebral,2230,6,1984,Pho.och
Emberiza cia,1984-06-13,3.92,enebral,2230,6,1984,Emb.cia
Alauda arvensis,1984-06-20,2.94,enebral,2230,6,1984,Ala.arv
Oenanthe oenanthe,1984-06-20,5.88,enebral,2230,6,1984,Oen.oen
Carduelis cannabina,1984-06-20,5.88,enebral,2230,6,1984,Car.can
Emberiza cia,1984-06-20,4.9,enebral,2230,6,1984,Emb.cia
Sylvia communis,1984-06-20,0.98,enebral,2230,6,1984,Syl.com
Alauda arvensis,1984-07-04,5.88,enebral,2230,7,1984,Ala.arv
Carduelis cannabina,1984-07-04,1.96,enebral,2230,7,1984,Car.can
Oenanthe oenanthe,1984-07-04,6.86,enebral,2230,7,1984,Oen.oen
Emberiza cia,1984-07-04,2.94,enebral,2230,7,1984,Emb.cia
Sylvia communis,1984-07-04,0.98,enebral,2230,7,1984,Syl.com
Oenanthe oenanthe,1984-07-14,5.88,enebral,2230,7,1984,Oen.oen
Alauda arvensis,1984-07-14,3.92,enebral,2230,7,1984,Ala.arv
Emberiza cia,1984-07-14,3.92,enebral,2230,7,1984,Emb.cia
Anthus campestris,1984-07-14,0.98,enebral,2230,7,1984,Ant.cam
Carduelis cannabina,1984-07-14,0.98,enebral,2230,7,1984,Car.can
Oenanthe oenanthe,1984-07-21,6.86,enebral,2230,7,1984,Oen.oen
Carduelis cannabina,1984-07-21,1.96,enebral,2230,7,1984,Car.can
Alauda arvensis,1984-07-21,2.94,enebral,2230,7,1984,Ala.arv
Emberiza cia,1984-07-21,5.88,enebral,2230,7,1984,Emb.cia
Sylvia communis,1984-07-21,0.98,enebral,2230,7,1984,Syl.com
Carduelis carduelis,1985-05-01,0,enebral,2230,5,1985,Car.car
Carduelis carduelis,1985-06-01,0,enebral,2230,6,1985,Car.car
Carduelis carduelis,1985-07-01,0.1,enebral,2230,7,1985,Car.car
Alauda arvensis,1985-05-01,5.1,enebral,2230,5,1985,Ala.arv
Alauda arvensis,1985-06-01,5.4,enebral,2230,6,1985,Ala.arv
Alauda arvensis,1985-07-01,5.7,enebral,2230,7,1985,Ala.arv
Emberiza cia,1985-05-01,5.2,enebral,2230,5,1985,Emb.cia
Emberiza cia,1985-06-01,6.5,enebral,2230,6,1985,Emb.cia
Emberiza cia,1985-07-01,9.1,enebral,2230,7,1985,Emb.cia
Troglodytes troglodytes,1985-05-01,1,enebral,2230,5,1985,Tro.tro
Troglodytes troglodytes,1985-06-01,1,enebral,2230,6,1985,Tro.tro
Troglodytes troglodytes,1985-07-01,1.3,enebral,2230,7,1985,Tro.tro
Anthus campestris,1985-05-01,0.6,enebral,2230,5,1985,Ant.cam
Anthus campestris,1985-06-01,0.8,enebral,2230,6,1985,Ant.cam
Anthus campestris,1985-07-01,1.6,enebral,2230,7,1985,Ant.cam
Sylvia communis,1985-05-01,0.3,enebral,2230,5,1985,Syl.com
Sylvia communis,1985-06-01,1,enebral,2230,6,1985,Syl.com
Sylvia communis,1985-07-01,1.8,enebral,2230,7,1985,Syl.com
Oenanthe oenanthe,1985-05-01,6.9,enebral,2230,5,1985,Oen.oen
Oenanthe oenanthe,1985-06-01,7.2,enebral,2230,6,1985,Oen.oen
Oenanthe oenanthe,1985-07-01,8.4,enebral,2230,7,1985,Oen.oen
Phoenicurus ochruros,1985-05-01,0.9,enebral,2230,5,1985,Pho.och
Phoenicurus ochruros,1985-06-01,1.1,enebral,2230,6,1985,Pho.och
Phoenicurus ochruros,1985-07-01,0.2,enebral,2230,7,1985,Pho.och
Carduelis cannabina,1985-05-01,0.9,enebral,2230,5,1985,Car.can
Carduelis cannabina,1985-06-01,5.3,enebral,2230,6,1985,Car.can
Carduelis cannabina,1985-07-01,10.4,enebral,2230,7,1985,Car.can
Phylloscopus bonelli,1981-05-01,8,robledal,1700,5,1981,Phy.bon
Phylloscopus bonelli,1981-06-01,13.8,robledal,1700,6,1981,Phy.bon
Phylloscopus bonelli,1981-07-01,14.6,robledal,1700,7,1981,Phy.bon
Sylvia atricapilla,1981-05-01,4.4,robledal,1700,5,1981,Syl.atr
Sylvia atricapilla,1981-06-01,4.6,robledal,1700,6,1981,Syl.atr
Sylvia atricapilla,1981-07-01,6.8,robledal,1700,7,1981,Syl.atr
Serinus serinus,1981-05-01,3,robledal,1700,5,1981,Ser.ser
Serinus serinus,1981-06-01,0,robledal,1700,6,1981,Ser.ser
Serinus serinus,1981-07-01,0,robledal,1700,7,1981,Ser.ser
Oriolus oriolus,1981-05-01,0,robledal,1700,5,1981,Ori.ori
Oriolus oriolus,1981-06-01,2.3,robledal,1700,6,1981,Ori.ori
Oriolus oriolus,1981-07-01,1.5,robledal,1700,7,1981,Ori.ori
Carduelis carduelis,1981-05-01,1.6,robledal,1700,5,1981,Car.car
Carduelis carduelis,1981-06-01,1,robledal,1700,6,1981,Car.car
Carduelis carduelis,1981-07-01,1.5,robledal,1700,7,1981,Car.car
Lullula arborea,1981-05-01,0,robledal,1700,5,1981,Lul.arb
Lullula arborea,1981-06-01,0,robledal,1700,6,1981,Lul.arb
Lullula arborea,1981-07-01,1.8,robledal,1700,7,1981,Lul.arb
Alauda arvensis,1981-05-01,0,robledal,1700,5,1981,Ala.arv
Alauda arvensis,1981-06-01,1.5,robledal,1700,6,1981,Ala.arv
Alauda arvensis,1981-07-01,0,robledal,1700,7,1981,Ala.arv
Luscinia megarhynchos,1981-05-01,0,robledal,1700,5,1981,Lus.meg
Luscinia megarhynchos,1981-06-01,0.8,robledal,1700,6,1981,Lus.meg
Luscinia megarhynchos,1981-07-01,0,robledal,1700,7,1981,Lus.meg
Stretopelia turtur,1981-05-01,0,robledal,1700,5,1981,Str.tur
Stretopelia turtur,1981-06-01,1.5,robledal,1700,6,1981,Str.tur
Stretopelia turtur,1981-07-01,1.5,robledal,1700,7,1981,Str.tur
Picus viridis,1981-05-01,1.5,robledal,1700,5,1981,Pic.vir
Picus viridis,1981-06-01,0.7,robledal,1700,6,1981,Pic.vir
Picus viridis,1981-07-01,0,robledal,1700,7,1981,Pic.vir
Cuculus canorus,1981-05-01,0.7,robledal,1700,5,1981,Cuc.can
Cuculus canorus,1981-06-01,0.7,robledal,1700,6,1981,Cuc.can
Cuculus canorus,1981-07-01,2.8,robledal,1700,7,1981,Cuc.can
Garrulus glandarius,1981-05-01,6.8,robledal,1700,5,1981,Gar.gla
Garrulus glandarius,1981-06-01,6.1,robledal,1700,6,1981,Gar.gla
Garrulus glandarius,1981-07-01,7,robledal,1700,7,1981,Gar.gla
Periparus ater,1981-05-01,3,robledal,1700,5,1981,Per.ate
Periparus ater,1981-06-01,3,robledal,1700,6,1981,Per.ate
Periparus ater,1981-07-01,3.1,robledal,1700,7,1981,Per.ate
Emberiza cia,1981-05-01,4.5,robledal,1700,5,1981,Emb.cia
Emberiza cia,1981-06-01,2.3,robledal,1700,6,1981,Emb.cia
Emberiza cia,1981-07-01,4.6,robledal,1700,7,1981,Emb.cia
Turdus viscivorus,1981-05-01,2.2,robledal,1700,5,1981,Tur.vis
Turdus viscivorus,1981-06-01,0,robledal,1700,6,1981,Tur.vis
Turdus viscivorus,1981-07-01,2.3,robledal,1700,7,1981,Tur.vis
Certhia brachydactyla,1981-05-01,1.4,robledal,1700,5,1981,Cer.bra
Certhia brachydactyla,1981-06-01,1.5,robledal,1700,6,1981,Cer.bra
Certhia brachydactyla,1981-07-01,0.7,robledal,1700,7,1981,Cer.bra
Erithacus rubecula,1981-05-01,8.3,robledal,1700,5,1981,Eri.rub
Erithacus rubecula,1981-06-01,10,robledal,1700,6,1981,Eri.rub
Erithacus rubecula,1981-07-01,5.3,robledal,1700,7,1981,Eri.rub
Troglodytes troglodytes,1981-05-01,3.8,robledal,1700,5,1981,Tro.tro
Troglodytes troglodytes,1981-06-01,2.3,robledal,1700,6,1981,Tro.tro
Troglodytes troglodytes,1981-07-01,4.3,robledal,1700,7,1981,Tro.tro
Cyanistes caeruleus,1981-05-01,18.2,robledal,1700,5,1981,Cya.cae
Cyanistes caeruleus,1981-06-01,21.5,robledal,1700,6,1981,Cya.cae
Cyanistes caeruleus,1981-07-01,26.1,robledal,1700,7,1981,Cya.cae
Turdus merula,1981-05-01,10.7,robledal,1700,5,1981,Tur.mer
Turdus merula,1981-06-01,10,robledal,1700,6,1981,Tur.mer
Turdus merula,1981-07-01,11.5,robledal,1700,7,1981,Tur.mer
Parus major,1981-05-01,9.6,robledal,1700,5,1981,Par.maj
Parus major,1981-06-01,7.6,robledal,1700,6,1981,Par.maj
Parus major,1981-07-01,12.3,robledal,1700,7,1981,Par.maj
Fringilla coelebs,1981-05-01,12,robledal,1700,5,1981,Fri.coe
Fringilla coelebs,1981-06-01,16.1,robledal,1700,6,1981,Fri.coe
Fringilla coelebs,1981-07-01,17.8,robledal,1700,7,1981,Fri.coe
Aegithalos caudatus,2008-05-13,0.52,robledal,1700,5,2008,Aeg.cau
Aegithalos caudatus,2008-06-16,2.59,robledal,1700,6,2008,Aeg.cau
Aegithalos caudatus,2009-05-13,2.07,robledal,1700,5,2009,Aeg.cau
Aegithalos caudatus,2011-05-06,0.52,robledal,1700,5,2011,Aeg.cau
Aegithalos caudatus,2012-05-07,1.03,robledal,1700,5,2012,Aeg.cau
Aegithalos caudatus,2012-07-20,1.55,robledal,1700,7,2012,Aeg.cau
Aegithalos caudatus,2014-07-24,2.07,robledal,1700,7,2014,Aeg.cau
Aegithalos caudatus,2015-07-29,1.55,robledal,1700,7,2015,Aeg.cau
Aegithalos caudatus,2018-07-30,1.55,robledal,1700,7,2018,Aeg.cau
Alauda arvensis,2008-05-05,4.22,enebral,2230,5,2008,Ala.arv
Alauda arvensis,2008-05-15,3.01,enebral,2230,5,2008,Ala.arv
Alauda arvensis,2008-06-03,1.81,enebral,2230,6,2008,Ala.arv
Alauda arvensis,2008-06-13,5.42,enebral,2230,6,2008,Ala.arv
Alauda arvensis,2008-06-16,1.55,robledal,1700,6,2008,Ala.arv
Alauda arvensis,2008-06-26,4.82,enebral,2230,6,2008,Ala.arv
Alauda arvensis,2009-05-27,1.21,enebral,2230,5,2009,Ala.arv
Alauda arvensis,2009-07-13,0.6,enebral,2230,7,2009,Ala.arv
Alauda arvensis,2010-05-27,1.21,enebral,2230,5,2010,Ala.arv
Alauda arvensis,2010-06-08,3.62,enebral,2230,6,2010,Ala.arv
Alauda arvensis,2010-07-07,2.41,enebral,2230,7,2010,Ala.arv
Alauda arvensis,2011-05-27,1.81,enebral,2230,5,2011,Ala.arv
Alauda arvensis,2011-06-14,3.01,enebral,2230,6,2011,Ala.arv
Alauda arvensis,2011-07-08,1.21,enebral,2230,7,2011,Ala.arv
Alauda arvensis,2012-05-30,4.22,enebral,2230,5,2012,Ala.arv
Alauda arvensis,2012-06-12,4.82,enebral,2230,6,2012,Ala.arv
Alauda arvensis,2013-06-18,5.42,enebral,2230,6,2013,Ala.arv
Alauda arvensis,2013-07-01,8.44,enebral,2230,7,2013,Ala.arv
Alauda arvensis,2014-05-27,8.44,enebral,2230,5,2014,Ala.arv
Alauda arvensis,2014-06-27,9.64,enebral,2230,6,2014,Ala.arv
Alauda arvensis,2015-05-29,12.06,enebral,2230,5,2015,Ala.arv
Alauda arvensis,2015-06-25,6.03,enebral,2230,6,2015,Ala.arv
Alauda arvensis,2015-07-31,0.6,enebral,2230,7,2015,Ala.arv
Alauda arvensis,2016-05-31,0.6,enebral,2230,5,2016,Ala.arv
Alauda arvensis,2016-06-22,6.03,enebral,2230,6,2016,Ala.arv
Alauda arvensis,2017-05-30,7.23,enebral,2230,5,2017,Ala.arv
Alauda arvensis,2017-06-26,1.21,enebral,2230,6,2017,Ala.arv
Alauda arvensis,2018-05-31,1.81,enebral,2230,5,2018,Ala.arv
Alauda arvensis,2018-06-22,3.62,enebral,2230,6,2018,Ala.arv
Anthus campestris,2008-05-05,1.21,enebral,2230,5,2008,Ant.cam
Anthus campestris,2008-06-03,0.6,enebral,2230,6,2008,Ant.cam
Anthus campestris,2008-06-13,1.21,enebral,2230,6,2008,Ant.cam
Anthus campestris,2008-06-16,0.52,robledal,1700,6,2008,Ant.cam
Anthus campestris,2008-07-04,3.62,enebral,2230,7,2008,Ant.cam
Anthus campestris,2009-05-27,1.21,enebral,2230,5,2009,Ant.cam
Anthus campestris,2009-07-02,1.81,enebral,2230,7,2009,Ant.cam
Anthus campestris,2009-07-13,3.01,enebral,2230,7,2009,Ant.cam
Anthus campestris,2010-05-27,1.21,enebral,2230,5,2010,Ant.cam
Anthus campestris,2010-06-08,1.81,enebral,2230,6,2010,Ant.cam
Anthus campestris,2010-07-07,0.6,enebral,2230,7,2010,Ant.cam
Anthus campestris,2011-05-27,1.21,enebral,2230,5,2011,Ant.cam
Anthus campestris,2011-07-08,1.21,enebral,2230,7,2011,Ant.cam
Anthus campestris,2012-07-30,1.21,enebral,2230,7,2012,Ant.cam
Anthus campestris,2013-06-18,0.6,enebral,2230,6,2013,Ant.cam
Anthus campestris,2013-07-01,1.21,enebral,2230,7,2013,Ant.cam
Anthus campestris,2014-06-27,1.21,enebral,2230,6,2014,Ant.cam
Anthus campestris,2014-07-08,1.21,enebral,2230,7,2014,Ant.cam
Anthus campestris,2015-06-25,1.81,enebral,2230,6,2015,Ant.cam
Anthus campestris,2015-07-31,0.6,enebral,2230,7,2015,Ant.cam
Anthus campestris,2016-05-31,1.21,enebral,2230,5,2016,Ant.cam
Anthus campestris,2016-06-22,0.6,enebral,2230,6,2016,Ant.cam
Anthus campestris,2016-07-26,0.6,enebral,2230,7,2016,Ant.cam
Anthus campestris,2017-05-30,1.81,enebral,2230,5,2017,Ant.cam
Anthus campestris,2017-06-26,0.6,enebral,2230,6,2017,Ant.cam
Anthus campestris,2018-05-31,1.21,enebral,2230,5,2018,Ant.cam
Anthus campestris,2018-06-22,1.21,enebral,2230,6,2018,Ant.cam
Carduelis cannabina,2008-05-20,1.03,robledal,1700,5,2008,Car.can
Carduelis cannabina,2008-06-26,3.01,enebral,2230,6,2008,Car.can
Carduelis cannabina,2008-07-04,6.63,enebral,2230,7,2008,Car.can
Carduelis cannabina,2009-07-02,1.81,enebral,2230,7,2009,Car.can
Carduelis cannabina,2009-07-13,3.62,enebral,2230,7,2009,Car.can
Carduelis cannabina,2010-05-27,3.01,enebral,2230,5,2010,Car.can
Carduelis cannabina,2010-06-08,1.81,enebral,2230,6,2010,Car.can
Carduelis cannabina,2010-07-07,4.82,enebral,2230,7,2010,Car.can
Carduelis cannabina,2011-05-06,1.03,robledal,1700,5,2011,Car.can
Carduelis cannabina,2011-06-14,1.81,enebral,2230,6,2011,Car.can
Carduelis cannabina,2011-07-08,1.21,enebral,2230,7,2011,Car.can
Carduelis cannabina,2012-06-12,2.41,enebral,2230,6,2012,Car.can
Carduelis cannabina,2012-06-29,1.87,cumbres,3200,6,2012,Car.can
Carduelis cannabina,2012-07-27,3.12,cumbres,3200,7,2012,Car.can
Carduelis cannabina,2012-07-30,8.44,enebral,2230,7,2012,Car.can
Carduelis cannabina,2013-06-18,0.6,enebral,2230,6,2013,Car.can
Carduelis cannabina,2013-07-01,4.82,enebral,2230,7,2013,Car.can
Carduelis cannabina,2014-06-24,2.07,robledal,1700,6,2014,Car.can
Carduelis cannabina,2014-06-27,1.81,enebral,2230,6,2014,Car.can
Carduelis cannabina,2014-07-08,0.6,enebral,2230,7,2014,Car.can
Carduelis cannabina,2014-07-16,0.62,cumbres,3200,7,2014,Car.can
Carduelis cannabina,2015-06-25,3.62,enebral,2230,6,2015,Car.can
Carduelis cannabina,2015-07-29,0.52,robledal,1700,7,2015,Car.can
Carduelis cannabina,2015-07-31,12.06,enebral,2230,7,2015,Car.can
Carduelis cannabina,2016-05-31,1.21,enebral,2230,5,2016,Car.can
Carduelis cannabina,2016-06-22,6.63,enebral,2230,6,2016,Car.can
Carduelis cannabina,2016-07-12,1.25,cumbres,3200,7,2016,Car.can
Carduelis cannabina,2016-07-26,3.62,enebral,2230,7,2016,Car.can
Carduelis cannabina,2017-05-30,1.81,enebral,2230,5,2017,Car.can
Carduelis cannabina,2017-06-26,1.21,enebral,2230,6,2017,Car.can
Carduelis cannabina,2017-07-30,0.6,enebral,2230,7,2017,Car.can
Carduelis cannabina,2018-06-22,2.41,enebral,2230,6,2018,Car.can
Carduelis cannabina,2018-07-26,1.21,enebral,2230,7,2018,Car.can
Carduelis cannabina,2018-07-30,4.66,robledal,1700,7,2018,Car.can
Certhia brachydactyla,2008-05-13,0.52,robledal,1700,5,2008,Cer.bra
Certhia brachydactyla,2008-06-05,0.52,robledal,1700,6,2008,Cer.bra
Certhia brachydactyla,2008-06-16,1.03,robledal,1700,6,2008,Cer.bra
Certhia brachydactyla,2008-07-02,1.03,robledal,1700,7,2008,Cer.bra
Certhia brachydactyla,2010-07-22,1.03,robledal,1700,7,2010,Cer.bra
Certhia brachydactyla,2011-05-06,2.07,robledal,1700,5,2011,Cer.bra
Certhia brachydactyla,2011-07-27,1.55,robledal,1700,7,2011,Cer.bra
Certhia brachydactyla,2012-05-07,0.52,robledal,1700,5,2012,Cer.bra
Certhia brachydactyla,2012-06-14,0.52,robledal,1700,6,2012,Cer.bra
Certhia brachydactyla,2013-05-13,2.59,robledal,1700,5,2013,Cer.bra
Certhia brachydactyla,2014-05-08,1.03,robledal,1700,5,2014,Cer.bra
Certhia brachydactyla,2014-06-24,1.03,robledal,1700,6,2014,Cer.bra
Certhia brachydactyla,2015-06-30,0.52,robledal,1700,6,2015,Cer.bra
Certhia brachydactyla,2018-05-22,1.03,robledal,1700,5,2018,Cer.bra
Certhia brachydactyla,2018-06-26,1.03,robledal,1700,6,2018,Cer.bra
Certhia brachydactyla,2018-07-30,0.52,robledal,1700,7,2018,Cer.bra
Cuculus canorus,2009-06-15,0.52,robledal,1700,6,2009,Cuc.can
Cuculus canorus,2010-06-09,0.52,robledal,1700,6,2010,Cuc.can
Cuculus canorus,2015-07-31,0.6,enebral,2230,7,2015,Cuc.can
Cyanistes caeruleus,2008-05-13,5.17,robledal,1700,5,2008,Cya.cae
Cyanistes caeruleus,2008-05-20,2.59,robledal,1700,5,2008,Cya.cae
Cyanistes caeruleus,2008-06-05,4.14,robledal,1700,6,2008,Cya.cae
Cyanistes caeruleus,2009-05-13,1.55,robledal,1700,5,2009,Cya.cae
Cyanistes caeruleus,2010-05-10,2.59,robledal,1700,5,2010,Cya.cae
Cyanistes caeruleus,2010-06-09,2.59,robledal,1700,6,2010,Cya.cae
Cyanistes caeruleus,2010-07-22,1.03,robledal,1700,7,2010,Cya.cae
Cyanistes caeruleus,2011-05-06,4.66,robledal,1700,5,2011,Cya.cae
Cyanistes caeruleus,2011-06-20,2.07,robledal,1700,6,2011,Cya.cae
Cyanistes caeruleus,2011-07-27,1.55,robledal,1700,7,2011,Cya.cae
Cyanistes caeruleus,2012-05-07,2.59,robledal,1700,5,2012,Cya.cae
Cyanistes caeruleus,2012-06-14,1.55,robledal,1700,6,2012,Cya.cae
Cyanistes caeruleus,2013-05-13,6.21,robledal,1700,5,2013,Cya.cae
Cyanistes caeruleus,2013-06-07,1.03,robledal,1700,6,2013,Cya.cae
Cyanistes caeruleus,2014-05-08,2.07,robledal,1700,5,2014,Cya.cae
Cyanistes caeruleus,2014-06-24,12.94,robledal,1700,6,2014,Cya.cae
Cyanistes caeruleus,2014-07-24,0.52,robledal,1700,7,2014,Cya.cae
Cyanistes caeruleus,2015-05-20,2.59,robledal,1700,5,2015,Cya.cae
Cyanistes caeruleus,2015-06-30,4.14,robledal,1700,6,2015,Cya.cae
Cyanistes caeruleus,2015-07-29,1.03,robledal,1700,7,2015,Cya.cae
Cyanistes caeruleus,2018-05-22,2.59,robledal,1700,5,2018,Cya.cae
Cyanistes caeruleus,2018-07-30,3.1,robledal,1700,7,2018,Cya.cae
Dendrocopos major,2017-07-03,0.52,robledal,1700,7,2017,Den.maj
Emberiza cia,2008-05-05,3.01,enebral,2230,5,2008,Emb.cia
Emberiza cia,2008-05-13,2.59,robledal,1700,5,2008,Emb.cia
Emberiza cia,2008-05-15,1.81,enebral,2230,5,2008,Emb.cia
Emberiza cia,2008-05-20,5.69,robledal,1700,5,2008,Emb.cia
Emberiza cia,2008-06-03,1.81,enebral,2230,6,2008,Emb.cia
Emberiza cia,2008-06-05,6.21,robledal,1700,6,2008,Emb.cia
Emberiza cia,2008-06-13,1.21,enebral,2230,6,2008,Emb.cia
Emberiza cia,2008-06-16,4.14,robledal,1700,6,2008,Emb.cia
Emberiza cia,2008-06-26,5.42,enebral,2230,6,2008,Emb.cia
Emberiza cia,2008-07-02,0.52,robledal,1700,7,2008,Emb.cia
Emberiza cia,2008-07-04,6.63,enebral,2230,7,2008,Emb.cia
Emberiza cia,2009-05-13,6.21,robledal,1700,5,2009,Emb.cia
Emberiza cia,2009-05-27,8.44,enebral,2230,5,2009,Emb.cia
Emberiza cia,2009-06-15,1.03,robledal,1700,6,2009,Emb.cia
Emberiza cia,2009-07-02,2.41,enebral,2230,7,2009,Emb.cia
Emberiza cia,2009-07-13,5.42,enebral,2230,7,2009,Emb.cia
Emberiza cia,2010-05-10,4.66,robledal,1700,5,2010,Emb.cia
Emberiza cia,2010-05-27,3.62,enebral,2230,5,2010,Emb.cia
Emberiza cia,2010-06-09,6.73,robledal,1700,6,2010,Emb.cia
Emberiza cia,2010-07-07,1.21,enebral,2230,7,2010,Emb.cia
Emberiza cia,2010-07-22,2.07,robledal,1700,7,2010,Emb.cia
Emberiza cia,2011-05-06,7.24,robledal,1700,5,2011,Emb.cia
Emberiza cia,2011-06-20,8.28,robledal,1700,6,2011,Emb.cia
Emberiza cia,2011-07-08,0.6,enebral,2230,7,2011,Emb.cia
Emberiza cia,2011-07-27,3.62,robledal,1700,7,2011,Emb.cia
Emberiza cia,2012-05-07,9.83,robledal,1700,5,2012,Emb.cia
Emberiza cia,2012-05-30,1.21,enebral,2230,5,2012,Emb.cia
Emberiza cia,2012-06-12,0.6,enebral,2230,6,2012,Emb.cia
Emberiza cia,2012-06-14,4.66,robledal,1700,6,2012,Emb.cia
Emberiza cia,2012-07-20,3.62,robledal,1700,7,2012,Emb.cia
Emberiza cia,2012-07-30,1.81,enebral,2230,7,2012,Emb.cia
Emberiza cia,2013-05-13,3.1,robledal,1700,5,2013,Emb.cia
Emberiza cia,2013-06-07,4.66,robledal,1700,6,2013,Emb.cia
Emberiza cia,2013-06-18,1.21,enebral,2230,6,2013,Emb.cia
Emberiza cia,2013-07-01,0.6,enebral,2230,7,2013,Emb.cia
Emberiza cia,2014-05-08,4.14,robledal,1700,5,2014,Emb.cia
Emberiza cia,2014-05-27,0.6,enebral,2230,5,2014,Emb.cia
Emberiza cia,2014-06-24,4.14,robledal,1700,6,2014,Emb.cia
Emberiza cia,2014-07-08,1.21,enebral,2230,7,2014,Emb.cia
Emberiza cia,2014-07-24,0.52,robledal,1700,7,2014,Emb.cia
Emberiza cia,2015-05-20,6.73,robledal,1700,5,2015,Emb.cia
Emberiza cia,2015-05-29,1.21,enebral,2230,5,2015,Emb.cia
Emberiza cia,2015-06-25,0.6,enebral,2230,6,2015,Emb.cia
Emberiza cia,2015-06-30,3.62,robledal,1700,6,2015,Emb.cia
Emberiza cia,2015-07-29,5.17,robledal,1700,7,2015,Emb.cia
Emberiza cia,2015-07-31,0.6,enebral,2230,7,2015,Emb.cia
Emberiza cia,2016-07-26,0.6,enebral,2230,7,2016,Emb.cia
Emberiza cia,2017-05-30,0.6,enebral,2230,5,2017,Emb.cia
Emberiza cia,2017-06-26,2.41,enebral,2230,6,2017,Emb.cia
Emberiza cia,2017-07-03,4.14,robledal,1700,7,2017,Emb.cia
Emberiza cia,2018-05-22,2.07,robledal,1700,5,2018,Emb.cia
Emberiza cia,2018-05-31,1.81,enebral,2230,5,2018,Emb.cia
Emberiza cia,2018-06-22,5.42,enebral,2230,6,2018,Emb.cia
Emberiza cia,2018-06-26,5.69,robledal,1700,6,2018,Emb.cia
Emberiza cia,2018-07-30,6.73,robledal,1700,7,2018,Emb.cia
Emberiza cirlus,2008-05-13,0.52,robledal,1700,5,2008,Emb.cir
Emberiza cirlus,2014-05-08,0.52,robledal,1700,5,2014,Emb.cir
Emberiza cirlus,2015-06-30,1.03,robledal,1700,6,2015,Emb.cir
Erithacus rubecula,2008-05-13,0.52,robledal,1700,5,2008,Eri.rub
Erithacus rubecula,2008-05-20,0.52,robledal,1700,5,2008,Eri.rub
Erithacus rubecula,2008-06-05,0.52,robledal,1700,6,2008,Eri.rub
Erithacus rubecula,2010-07-22,0.52,robledal,1700,7,2010,Eri.rub
Erithacus rubecula,2011-05-06,1.03,robledal,1700,5,2011,Eri.rub
Erithacus rubecula,2012-05-07,0.52,robledal,1700,5,2012,Eri.rub
Erithacus rubecula,2012-06-14,0.52,robledal,1700,6,2012,Eri.rub
Erithacus rubecula,2013-05-13,1.03,robledal,1700,5,2013,Eri.rub
Erithacus rubecula,2014-05-08,2.07,robledal,1700,5,2014,Eri.rub
Erithacus rubecula,2014-06-24,1.55,robledal,1700,6,2014,Eri.rub
Erithacus rubecula,2014-07-24,0.52,robledal,1700,7,2014,Eri.rub
Erithacus rubecula,2015-05-20,3.1,robledal,1700,5,2015,Eri.rub
Erithacus rubecula,2015-07-29,0.52,robledal,1700,7,2015,Eri.rub
Erithacus rubecula,2018-05-22,0.52,robledal,1700,5,2018,Eri.rub
Erithacus rubecula,2018-06-26,2.07,robledal,1700,6,2018,Eri.rub
Fringilla coelebs,2008-05-13,6.21,robledal,1700,5,2008,Fri.coe
Fringilla coelebs,2008-05-20,4.14,robledal,1700,5,2008,Fri.coe
Fringilla coelebs,2008-06-05,12.42,robledal,1700,6,2008,Fri.coe
Fringilla coelebs,2008-06-16,4.14,robledal,1700,6,2008,Fri.coe
Fringilla coelebs,2008-07-02,4.66,robledal,1700,7,2008,Fri.coe
Fringilla coelebs,2009-05-13,3.62,robledal,1700,5,2009,Fri.coe
Fringilla coelebs,2009-06-15,1.03,robledal,1700,6,2009,Fri.coe
Fringilla coelebs,2009-07-22,1.55,robledal,1700,7,2009,Fri.coe
Fringilla coelebs,2010-05-10,10.87,robledal,1700,5,2010,Fri.coe
Fringilla coelebs,2010-06-09,17.59,robledal,1700,6,2010,Fri.coe
Fringilla coelebs,2010-07-22,2.59,robledal,1700,7,2010,Fri.coe
Fringilla coelebs,2011-05-06,6.21,robledal,1700,5,2011,Fri.coe
Fringilla coelebs,2011-06-20,6.21,robledal,1700,6,2011,Fri.coe
Fringilla coelebs,2011-07-27,1.55,robledal,1700,7,2011,Fri.coe
Fringilla coelebs,2012-05-07,1.55,robledal,1700,5,2012,Fri.coe
Fringilla coelebs,2012-06-14,6.21,robledal,1700,6,2012,Fri.coe
Fringilla coelebs,2012-07-20,5.17,robledal,1700,7,2012,Fri.coe
Fringilla coelebs,2013-05-13,13.45,robledal,1700,5,2013,Fri.coe
Fringilla coelebs,2013-06-07,7.76,robledal,1700,6,2013,Fri.coe
Fringilla coelebs,2013-07-17,3.62,robledal,1700,7,2013,Fri.coe
Fringilla coelebs,2014-05-08,1.55,robledal,1700,5,2014,Fri.coe
Fringilla coelebs,2014-06-24,5.17,robledal,1700,6,2014,Fri.coe
Fringilla coelebs,2015-05-20,5.69,robledal,1700,5,2015,Fri.coe
Fringilla coelebs,2015-06-30,5.69,robledal,1700,6,2015,Fri.coe
Fringilla coelebs,2015-07-29,5.69,robledal,1700,7,2015,Fri.coe
Fringilla coelebs,2018-05-22,4.14,robledal,1700,5,2018,Fri.coe
Fringilla coelebs,2018-06-22,0.6,enebral,2230,6,2018,Fri.coe
Fringilla coelebs,2018-06-26,7.24,robledal,1700,6,2018,Fri.coe
Fringilla coelebs,2018-07-30,8.28,robledal,1700,7,2018,Fri.coe
Galerida theklae,2008-05-05,4.82,enebral,2230,5,2008,Gal.the
Galerida theklae,2009-05-27,0.6,enebral,2230,5,2009,Gal.the
Galerida theklae,2009-07-02,2.41,enebral,2230,7,2009,Gal.the
Garrulus glandarius,2008-05-13,0.52,robledal,1700,5,2008,Gar.gla
Garrulus glandarius,2008-06-05,1.03,robledal,1700,6,2008,Gar.gla
Garrulus glandarius,2008-07-02,2.59,robledal,1700,7,2008,Gar.gla
Garrulus glandarius,2009-05-13,1.03,robledal,1700,5,2009,Gar.gla
Garrulus glandarius,2010-05-10,0.52,robledal,1700,5,2010,Gar.gla
Garrulus glandarius,2010-06-09,1.55,robledal,1700,6,2010,Gar.gla
Garrulus glandarius,2010-07-22,0.52,robledal,1700,7,2010,Gar.gla
Garrulus glandarius,2011-05-06,0.52,robledal,1700,5,2011,Gar.gla
Garrulus glandarius,2011-06-20,0.52,robledal,1700,6,2011,Gar.gla
Garrulus glandarius,2011-07-27,2.59,robledal,1700,7,2011,Gar.gla
Garrulus glandarius,2012-07-20,1.03,robledal,1700,7,2012,Gar.gla
Garrulus glandarius,2014-07-24,0.52,robledal,1700,7,2014,Gar.gla
Garrulus glandarius,2015-06-30,0.52,robledal,1700,6,2015,Gar.gla
Garrulus glandarius,2015-07-29,0.52,robledal,1700,7,2015,Gar.gla
Garrulus glandarius,2017-07-03,0.52,robledal,1700,7,2017,Gar.gla
Garrulus glandarius,2018-06-26,0.52,robledal,1700,6,2018,Gar.gla
Garrulus glandarius,2018-07-30,1.55,robledal,1700,7,2018,Gar.gla
Hippolais polyglotta,2010-07-22,0.52,robledal,1700,7,2010,Hip.pol
Hippolais polyglotta,2015-07-29,1.03,robledal,1700,7,2015,Hip.pol
Lophophanes cristatus,2009-06-15,0.52,robledal,1700,6,2009,Lop.cri
Lophophanes cristatus,2010-06-09,4.14,robledal,1700,6,2010,Lop.cri
Lophophanes cristatus,2013-05-13,1.03,robledal,1700,5,2013,Lop.cri
Lophophanes cristatus,2018-07-30,1.03,robledal,1700,7,2018,Lop.cri
Loxia curvirostra,2014-05-08,0.52,robledal,1700,5,2014,Lox.cur
Loxia curvirostra,2018-07-30,0.52,robledal,1700,7,2018,Lox.cur
Lullula arborea,2009-07-02,1.81,enebral,2230,7,2009,Lul.arb
Lullula arborea,2012-05-07,0.52,robledal,1700,5,2012,Lul.arb
Lullula arborea,2012-07-20,1.03,robledal,1700,7,2012,Lul.arb
Lullula arborea,2014-06-27,0.6,enebral,2230,6,2014,Lul.arb
Lullula arborea,2014-07-24,1.55,robledal,1700,7,2014,Lul.arb
Lullula arborea,2015-05-20,0.52,robledal,1700,5,2015,Lul.arb
Lullula arborea,2018-06-22,0.6,enebral,2230,6,2018,Lul.arb
Luscinia megarhynchos,2011-05-06,1.03,robledal,1700,5,2011,Lus.meg
Monticola saxatilis,2008-06-26,0.6,enebral,2230,6,2008,Mon.sax
Motacilla cinerea,2015-07-10,1.25,cumbres,3200,7,2015,Mot.cin
Oenanthe oenanthe,2008-05-05,4.22,enebral,2230,5,2008,Oen.oen
Oenanthe oenanthe,2008-05-15,3.01,enebral,2230,5,2008,Oen.oen
Oenanthe oenanthe,2008-06-03,7.23,enebral,2230,6,2008,Oen.oen
Oenanthe oenanthe,2008-06-13,2.41,enebral,2230,6,2008,Oen.oen
Oenanthe oenanthe,2008-06-26,2.41,enebral,2230,6,2008,Oen.oen
Oenanthe oenanthe,2008-07-04,6.63,enebral,2230,7,2008,Oen.oen
Oenanthe oenanthe,2008-07-15,0.62,cumbres,3200,7,2008,Oen.oen
Oenanthe oenanthe,2008-07-25,0.62,cumbres,3200,7,2008,Oen.oen
Oenanthe oenanthe,2009-05-27,2.41,enebral,2230,5,2009,Oen.oen
Oenanthe oenanthe,2009-07-02,5.42,enebral,2230,7,2009,Oen.oen
Oenanthe oenanthe,2009-07-10,1.87,cumbres,3200,7,2009,Oen.oen
Oenanthe oenanthe,2009-07-13,3.01,enebral,2230,7,2009,Oen.oen
Oenanthe oenanthe,2009-07-16,0.62,cumbres,3200,7,2009,Oen.oen
Oenanthe oenanthe,2010-05-27,5.42,enebral,2230,5,2010,Oen.oen
Oenanthe oenanthe,2010-06-08,3.01,enebral,2230,6,2010,Oen.oen
Oenanthe oenanthe,2010-07-07,3.62,enebral,2230,7,2010,Oen.oen
Oenanthe oenanthe,2011-05-27,5.42,enebral,2230,5,2011,Oen.oen
Oenanthe oenanthe,2011-06-14,0.6,enebral,2230,6,2011,Oen.oen
Oenanthe oenanthe,2011-07-08,3.62,enebral,2230,7,2011,Oen.oen
Oenanthe oenanthe,2012-05-30,3.62,enebral,2230,5,2012,Oen.oen
Oenanthe oenanthe,2012-06-12,0.6,enebral,2230,6,2012,Oen.oen
Oenanthe oenanthe,2012-06-14,4.37,cumbres,3200,6,2012,Oen.oen
Oenanthe oenanthe,2012-06-29,1.25,cumbres,3200,6,2012,Oen.oen
Oenanthe oenanthe,2012-07-27,1.25,cumbres,3200,7,2012,Oen.oen
Oenanthe oenanthe,2012-07-30,4.22,enebral,2230,7,2012,Oen.oen
Oenanthe oenanthe,2013-07-01,1.21,enebral,2230,7,2013,Oen.oen
Oenanthe oenanthe,2014-07-16,0.62,cumbres,3200,7,2014,Oen.oen
Oenanthe oenanthe,2015-06-25,3.01,enebral,2230,6,2015,Oen.oen
Oenanthe oenanthe,2015-06-29,1.25,cumbres,3200,6,2015,Oen.oen
Oenanthe oenanthe,2015-07-10,3.12,cumbres,3200,7,2015,Oen.oen
Oenanthe oenanthe,2016-06-22,1.21,enebral,2230,6,2016,Oen.oen
Oenanthe oenanthe,2016-06-30,0.62,cumbres,3200,6,2016,Oen.oen
Oenanthe oenanthe,2016-07-12,0.62,cumbres,3200,7,2016,Oen.oen
Oenanthe oenanthe,2017-05-26,0.62,cumbres,3200,5,2017,Oen.oen
Oenanthe oenanthe,2017-05-30,2.41,enebral,2230,5,2017,Oen.oen
Oenanthe oenanthe,2017-06-22,1.25,cumbres,3200,6,2017,Oen.oen
Oenanthe oenanthe,2017-06-26,0.6,enebral,2230,6,2017,Oen.oen
Oenanthe oenanthe,2017-07-30,0.6,enebral,2230,7,2017,Oen.oen
Oenanthe oenanthe,2018-05-31,0.6,enebral,2230,5,2018,Oen.oen
Oenanthe oenanthe,2018-06-22,1.21,enebral,2230,6,2018,Oen.oen
Oenanthe oenanthe,2018-07-31,1.25,cumbres,3200,7,2018,Oen.oen
Oriolus oriolus,2018-07-30,0.52,robledal,1700,7,2018,Ori.ori
Parus major,2008-05-13,2.07,robledal,1700,5,2008,Par.maj
Parus major,2008-05-20,0.52,robledal,1700,5,2008,Par.maj
Parus major,2008-06-05,1.03,robledal,1700,6,2008,Par.maj
Parus major,2009-05-13,1.03,robledal,1700,5,2009,Par.maj
Parus major,2010-05-10,0.52,robledal,1700,5,2010,Par.maj
Parus major,2010-06-09,2.07,robledal,1700,6,2010,Par.maj
Parus major,2011-06-20,3.62,robledal,1700,6,2011,Par.maj
Parus major,2011-07-27,2.59,robledal,1700,7,2011,Par.maj
Parus major,2012-06-14,0.52,robledal,1700,6,2012,Par.maj
Parus major,2013-05-13,3.62,robledal,1700,5,2013,Par.maj
Parus major,2014-05-08,5.69,robledal,1700,5,2014,Par.maj
Parus major,2014-06-24,0.52,robledal,1700,6,2014,Par.maj
Parus major,2014-07-24,1.03,robledal,1700,7,2014,Par.maj
Parus major,2015-05-20,2.59,robledal,1700,5,2015,Par.maj
Parus major,2018-05-22,1.03,robledal,1700,5,2018,Par.maj
Parus major,2018-06-26,3.62,robledal,1700,6,2018,Par.maj
Parus major,2018-07-30,1.03,robledal,1700,7,2018,Par.maj
Periparus ater,2008-06-05,1.03,robledal,1700,6,2008,Per.ate
Periparus ater,2008-06-16,2.07,robledal,1700,6,2008,Per.ate
Periparus ater,2008-07-02,5.69,robledal,1700,7,2008,Per.ate
Periparus ater,2009-05-13,2.07,robledal,1700,5,2009,Per.ate
Periparus ater,2012-05-07,2.59,robledal,1700,5,2012,Per.ate
Periparus ater,2012-06-14,1.55,robledal,1700,6,2012,Per.ate
Periparus ater,2013-05-13,3.62,robledal,1700,5,2013,Per.ate
Periparus ater,2013-06-07,1.55,robledal,1700,6,2013,Per.ate
Periparus ater,2013-07-17,3.1,robledal,1700,7,2013,Per.ate
Periparus ater,2014-07-24,0.52,robledal,1700,7,2014,Per.ate
Periparus ater,2015-06-30,0.52,robledal,1700,6,2015,Per.ate
Periparus ater,2018-06-22,0.6,enebral,2230,6,2018,Per.ate
Periparus ater,2018-07-30,0.52,robledal,1700,7,2018,Per.ate
Phoenicurus ochruros,2008-05-05,1.21,enebral,2230,5,2008,Pho.och
Phoenicurus ochruros,2008-05-13,0.52,robledal,1700,5,2008,Pho.och
Phoenicurus ochruros,2008-06-03,0.6,enebral,2230,6,2008,Pho.och
Phoenicurus ochruros,2008-06-13,1.81,enebral,2230,6,2008,Pho.och
Phoenicurus ochruros,2008-06-16,0.52,robledal,1700,6,2008,Pho.och
Phoenicurus ochruros,2008-06-26,1.81,enebral,2230,6,2008,Pho.och
Phoenicurus ochruros,2008-07-04,0.6,enebral,2230,7,2008,Pho.och
Phoenicurus ochruros,2008-07-15,1.87,cumbres,3200,7,2008,Pho.och
Phoenicurus ochruros,2008-07-18,1.25,cumbres,3200,7,2008,Pho.och
Phoenicurus ochruros,2008-07-25,1.87,cumbres,3200,7,2008,Pho.och
Phoenicurus ochruros,2009-05-13,0.52,robledal,1700,5,2009,Pho.och
Phoenicurus ochruros,2009-05-27,1.21,enebral,2230,5,2009,Pho.och
Phoenicurus ochruros,2009-06-15,1.03,robledal,1700,6,2009,Pho.och
Phoenicurus ochruros,2009-07-02,2.41,enebral,2230,7,2009,Pho.och
Phoenicurus ochruros,2009-07-10,0.62,cumbres,3200,7,2009,Pho.och
Phoenicurus ochruros,2009-07-16,0.62,cumbres,3200,7,2009,Pho.och
Phoenicurus ochruros,2010-05-10,2.07,robledal,1700,5,2010,Pho.och
Phoenicurus ochruros,2010-05-27,0.6,enebral,2230,5,2010,Pho.och
Phoenicurus ochruros,2010-06-08,0.6,enebral,2230,6,2010,Pho.och
Phoenicurus ochruros,2010-06-09,1.03,robledal,1700,6,2010,Pho.och
Phoenicurus ochruros,2011-05-06,1.03,robledal,1700,5,2011,Pho.och
Phoenicurus ochruros,2011-05-27,1.21,enebral,2230,5,2011,Pho.och
Phoenicurus ochruros,2011-06-14,1.21,enebral,2230,6,2011,Pho.och
Phoenicurus ochruros,2011-07-08,0.6,enebral,2230,7,2011,Pho.och
Phoenicurus ochruros,2012-05-07,1.55,robledal,1700,5,2012,Pho.och
Phoenicurus ochruros,2012-05-30,0.6,enebral,2230,5,2012,Pho.och
Phoenicurus ochruros,2012-06-14,1.87,cumbres,3200,6,2012,Pho.och
Phoenicurus ochruros,2012-06-27,0.62,cumbres,3200,6,2012,Pho.och
Phoenicurus ochruros,2012-06-29,0.62,cumbres,3200,6,2012,Pho.och
Phoenicurus ochruros,2012-07-27,1.25,cumbres,3200,7,2012,Pho.och
Phoenicurus ochruros,2013-07-01,1.21,enebral,2230,7,2013,Pho.och
Phoenicurus ochruros,2013-07-29,0.62,cumbres,3200,7,2013,Pho.och
Phoenicurus ochruros,2014-06-27,0.6,enebral,2230,6,2014,Pho.och
Phoenicurus ochruros,2014-07-08,1.21,enebral,2230,7,2014,Pho.och
Phoenicurus ochruros,2015-06-29,0.62,cumbres,3200,6,2015,Pho.och
Phoenicurus ochruros,2015-07-10,4.99,cumbres,3200,7,2015,Pho.och
Phoenicurus ochruros,2016-05-31,1.21,enebral,2230,5,2016,Pho.och
Phoenicurus ochruros,2016-06-30,1.25,cumbres,3200,6,2016,Pho.och
Phoenicurus ochruros,2016-07-12,2.5,cumbres,3200,7,2016,Pho.och
Phoenicurus ochruros,2017-05-26,2.5,cumbres,3200,5,2017,Pho.och
Phoenicurus ochruros,2017-06-22,1.87,cumbres,3200,6,2017,Pho.och
Phoenicurus ochruros,2017-07-13,0.62,cumbres,3200,7,2017,Pho.och
Phoenicurus ochruros,2017-07-30,0.6,enebral,2230,7,2017,Pho.och
Phoenicurus ochruros,2018-07-31,0.62,cumbres,3200,7,2018,Pho.och
Phylloscopus bonelli,2010-05-10,1.55,robledal,1700,5,2010,Phy.bon
Phylloscopus bonelli,2010-07-22,1.03,robledal,1700,7,2010,Phy.bon
Phylloscopus bonelli,2011-05-06,7.24,robledal,1700,5,2011,Phy.bon
Phylloscopus bonelli,2011-06-20,1.55,robledal,1700,6,2011,Phy.bon
Phylloscopus bonelli,2011-07-27,1.55,robledal,1700,7,2011,Phy.bon
Phylloscopus bonelli,2012-05-07,2.07,robledal,1700,5,2012,Phy.bon
Phylloscopus bonelli,2012-06-14,0.52,robledal,1700,6,2012,Phy.bon
Phylloscopus bonelli,2012-07-20,3.1,robledal,1700,7,2012,Phy.bon
Phylloscopus bonelli,2013-05-13,4.66,robledal,1700,5,2013,Phy.bon
Phylloscopus bonelli,2013-06-07,3.1,robledal,1700,6,2013,Phy.bon
Phylloscopus bonelli,2013-07-17,7.24,robledal,1700,7,2013,Phy.bon
Phylloscopus bonelli,2014-05-08,3.1,robledal,1700,5,2014,Phy.bon
Phylloscopus bonelli,2014-07-24,3.62,robledal,1700,7,2014,Phy.bon
Phylloscopus bonelli,2015-05-20,2.59,robledal,1700,5,2015,Phy.bon
Phylloscopus bonelli,2015-06-30,1.55,robledal,1700,6,2015,Phy.bon
Phylloscopus bonelli,2017-07-03,1.03,robledal,1700,7,2017,Phy.bon
Phylloscopus bonelli,2018-06-26,4.14,robledal,1700,6,2018,Phy.bon
Phylloscopus bonelli,2018-07-30,2.07,robledal,1700,7,2018,Phy.bon
Phylloscopus ibericus,2009-05-27,1.21,enebral,2230,5,2009,Phy.ibe
Phylloscopus ibericus,2012-07-27,0.62,cumbres,3200,7,2012,Phy.ibe
Phylloscopus ibericus,2014-06-27,0.6,enebral,2230,6,2014,Phy.ibe
Phylloscopus ibericus,2016-07-12,0.62,cumbres,3200,7,2016,Phy.ibe
Pica pica,2011-07-27,0.52,robledal,1700,7,2011,Pic.pic
Pica pica,2012-07-20,0.52,robledal,1700,7,2012,Pic.pic
Picus viridis,2014-07-24,0.52,robledal,1700,7,2014,Pic.vir
Picus viridis,2015-07-29,0.52,robledal,1700,7,2015,Pic.vir
Picus viridis,2018-05-22,0.52,robledal,1700,5,2018,Pic.vir
Picus viridis,2018-07-30,1.03,robledal,1700,7,2018,Pic.vir
Prunella collaris,2008-07-18,1.25,cumbres,3200,7,2008,Pru.col
Prunella collaris,2008-07-30,0.62,cumbres,3200,7,2008,Pru.col
Prunella collaris,2009-07-10,0.62,cumbres,3200,7,2009,Pru.col
Prunella collaris,2012-06-14,3.12,cumbres,3200,6,2012,Pru.col
Prunella collaris,2012-06-27,3.74,cumbres,3200,6,2012,Pru.col
Prunella collaris,2012-06-29,0.62,cumbres,3200,6,2012,Pru.col
Prunella collaris,2012-07-10,0.62,cumbres,3200,7,2012,Pru.col
Prunella collaris,2012-07-23,4.37,cumbres,3200,7,2012,Pru.col
Prunella collaris,2012-07-27,1.87,cumbres,3200,7,2012,Pru.col
Prunella collaris,2012-07-30,1.21,enebral,2230,7,2012,Pru.col
Prunella collaris,2014-06-30,1.87,cumbres,3200,6,2014,Pru.col
Prunella collaris,2014-07-16,1.25,cumbres,3200,7,2014,Pru.col
Prunella collaris,2015-06-29,1.87,cumbres,3200,6,2015,Pru.col
Prunella collaris,2015-07-31,0.6,enebral,2230,7,2015,Pru.col
Prunella collaris,2016-06-30,3.12,cumbres,3200,6,2016,Pru.col
Prunella collaris,2016-07-12,0.62,cumbres,3200,7,2016,Pru.col
Prunella collaris,2017-05-26,1.87,cumbres,3200,5,2017,Pru.col
Prunella collaris,2017-06-22,1.87,cumbres,3200,6,2017,Pru.col
Prunella collaris,2017-06-26,0.6,enebral,2230,6,2017,Pru.col
Prunella collaris,2018-05-31,0.6,enebral,2230,5,2018,Pru.col
Prunella collaris,2018-07-31,2.5,cumbres,3200,7,2018,Pru.col
Prunella modularis,2008-07-04,0.6,enebral,2230,7,2008,Pru.mod
Prunella modularis,2008-07-15,0.62,cumbres,3200,7,2008,Pru.mod
Prunella modularis,2010-05-27,0.6,enebral,2230,5,2010,Pru.mod
Prunella modularis,2015-07-31,0.6,enebral,2230,7,2015,Pru.mod
Regulus ignicapillus,2010-05-10,1.55,robledal,1700,5,2010,Reg.ign
Regulus ignicapillus,2011-05-06,1.55,robledal,1700,5,2011,Reg.ign
Regulus ignicapillus,2011-06-20,1.55,robledal,1700,6,2011,Reg.ign
Regulus ignicapillus,2012-05-07,0.52,robledal,1700,5,2012,Reg.ign
Regulus ignicapillus,2012-06-14,0.52,robledal,1700,6,2012,Reg.ign
Regulus ignicapillus,2013-05-13,2.07,robledal,1700,5,2013,Reg.ign
Regulus ignicapillus,2013-06-07,0.52,robledal,1700,6,2013,Reg.ign
Regulus ignicapillus,2013-07-17,0.52,robledal,1700,7,2013,Reg.ign
Regulus ignicapillus,2014-05-08,1.03,robledal,1700,5,2014,Reg.ign
Regulus ignicapillus,2014-07-24,0.52,robledal,1700,7,2014,Reg.ign
Regulus ignicapillus,2015-05-20,1.03,robledal,1700,5,2015,Reg.ign
Regulus ignicapillus,2015-06-30,2.07,robledal,1700,6,2015,Reg.ign
Regulus ignicapillus,2015-07-29,0.52,robledal,1700,7,2015,Reg.ign
Regulus ignicapillus,2017-07-03,1.03,robledal,1700,7,2017,Reg.ign
Regulus ignicapillus,2018-05-22,2.07,robledal,1700,5,2018,Reg.ign
Regulus ignicapillus,2018-06-26,0.52,robledal,1700,6,2018,Reg.ign
Saxicola rubetra,2017-07-30,4.82,enebral,2230,7,2017,Sax.rub
Saxicola rubetra,2018-05-22,0.52,robledal,1700,5,2018,Sax.rub
Saxicola rubetra,2018-05-31,0.6,enebral,2230,5,2018,Sax.rub
Saxicola rubetra,2018-06-22,2.41,enebral,2230,6,2018,Sax.rub
Saxicola rubetra,2018-07-26,0.6,enebral,2230,7,2018,Sax.rub
Saxicola rubetra,2018-07-30,2.59,robledal,1700,7,2018,Sax.rub
Saxicola rubicola,2008-05-05,0.6,enebral,2230,5,2008,Sax.rub
Saxicola rubicola,2008-07-02,1.03,robledal,1700,7,2008,Sax.rub
Saxicola rubicola,2009-05-27,1.21,enebral,2230,5,2009,Sax.rub
Saxicola rubicola,2011-05-06,1.03,robledal,1700,5,2011,Sax.rub
Saxicola rubicola,2011-07-08,1.21,enebral,2230,7,2011,Sax.rub
Saxicola rubicola,2012-07-30,1.21,enebral,2230,7,2012,Sax.rub
Saxicola rubicola,2013-05-13,0.52,robledal,1700,5,2013,Sax.rub
Saxicola rubicola,2014-06-24,0.52,robledal,1700,6,2014,Sax.rub
Saxicola rubicola,2014-06-27,0.6,enebral,2230,6,2014,Sax.rub
Saxicola rubicola,2014-07-08,1.81,enebral,2230,7,2014,Sax.rub
Saxicola rubicola,2015-06-25,1.81,enebral,2230,6,2015,Sax.rub
Saxicola rubicola,2016-05-31,0.6,enebral,2230,5,2016,Sax.rub
Saxicola rubicola,2016-06-22,0.6,enebral,2230,6,2016,Sax.rub
Saxicola rubicola,2016-07-26,1.81,enebral,2230,7,2016,Sax.rub
Saxicola rubicola,2017-07-03,0.52,robledal,1700,7,2017,Sax.rub
Serinus serinus,2008-05-13,0.52,robledal,1700,5,2008,Ser.ser
Serinus serinus,2008-05-20,3.1,robledal,1700,5,2008,Ser.ser
Serinus serinus,2008-06-05,2.59,robledal,1700,6,2008,Ser.ser
Serinus serinus,2008-07-02,0.52,robledal,1700,7,2008,Ser.ser
Serinus serinus,2010-07-22,2.07,robledal,1700,7,2010,Ser.ser
Serinus serinus,2011-05-06,2.07,robledal,1700,5,2011,Ser.ser
Serinus serinus,2012-05-07,0.52,robledal,1700,5,2012,Ser.ser
Serinus serinus,2012-06-14,0.52,robledal,1700,6,2012,Ser.ser
Serinus serinus,2013-06-07,2.07,robledal,1700,6,2013,Ser.ser
Serinus serinus,2015-05-20,0.52,robledal,1700,5,2015,Ser.ser
Serinus serinus,2015-06-30,0.52,robledal,1700,6,2015,Ser.ser
Serinus serinus,2015-07-29,1.03,robledal,1700,7,2015,Ser.ser
Serinus serinus,2015-07-31,5.42,enebral,2230,7,2015,Ser.ser
Sitta europaea,2010-05-10,0.52,robledal,1700,5,2010,Sit.eur
Sitta europaea,2011-06-20,1.03,robledal,1700,6,2011,Sit.eur
Sitta europaea,2012-06-14,0.52,robledal,1700,6,2012,Sit.eur
Sitta europaea,2015-06-30,0.52,robledal,1700,6,2015,Sit.eur
Sitta europaea,2015-07-29,1.55,robledal,1700,7,2015,Sit.eur
Sitta europaea,2018-07-30,1.03,robledal,1700,7,2018,Sit.eur
Sylvia atricapilla,2012-05-07,0.52,robledal,1700,5,2012,Syl.atr
Sylvia atricapilla,2013-05-13,0.52,robledal,1700,5,2013,Syl.atr
Sylvia atricapilla,2014-05-08,0.52,robledal,1700,5,2014,Syl.atr
Sylvia atricapilla,2015-05-20,2.07,robledal,1700,5,2015,Syl.atr
Sylvia atricapilla,2015-06-30,1.03,robledal,1700,6,2015,Syl.atr
Sylvia atricapilla,2015-07-29,0.52,robledal,1700,7,2015,Syl.atr
Sylvia atricapilla,2018-06-26,1.03,robledal,1700,6,2018,Syl.atr
Sylvia cantillans,2010-05-10,0.52,robledal,1700,5,2010,Syl.can
Sylvia cantillans,2010-06-09,0.52,robledal,1700,6,2010,Syl.can
Sylvia cantillans,2011-05-06,1.03,robledal,1700,5,2011,Syl.can
Sylvia cantillans,2011-06-20,0.52,robledal,1700,6,2011,Syl.can
Sylvia cantillans,2012-05-07,1.03,robledal,1700,5,2012,Syl.can
Sylvia cantillans,2013-05-13,1.03,robledal,1700,5,2013,Syl.can
Sylvia cantillans,2014-05-08,0.52,robledal,1700,5,2014,Syl.can
Sylvia cantillans,2015-05-20,3.1,robledal,1700,5,2015,Syl.can
Sylvia cantillans,2018-05-22,0.52,robledal,1700,5,2018,Syl.can
Sylvia cantillans,2018-06-26,0.52,robledal,1700,6,2018,Syl.can
Sylvia cantillans,2018-07-30,1.55,robledal,1700,7,2018,Syl.can
Sylvia conspicillata,2011-07-08,0.6,enebral,2230,7,2011,Syl.con
Sylvia conspicillata,2012-05-30,1.81,enebral,2230,5,2012,Syl.con
Sylvia conspicillata,2013-06-18,0.6,enebral,2230,6,2013,Syl.con
Sylvia conspicillata,2014-06-24,0.52,robledal,1700,6,2014,Syl.con
Sylvia conspicillata,2014-07-08,0.6,enebral,2230,7,2014,Syl.con
Sylvia conspicillata,2015-05-29,0.6,enebral,2230,5,2015,Syl.con
Sylvia conspicillata,2015-06-25,3.62,enebral,2230,6,2015,Syl.con
Sylvia conspicillata,2015-07-31,1.21,enebral,2230,7,2015,Syl.con
Sylvia conspicillata,2016-05-31,2.41,enebral,2230,5,2016,Syl.con
Sylvia conspicillata,2016-06-22,3.01,enebral,2230,6,2016,Syl.con
Sylvia conspicillata,2017-06-26,0.6,enebral,2230,6,2017,Syl.con
Sylvia conspicillata,2018-05-31,0.6,enebral,2230,5,2018,Syl.con
Sylvia conspicillata,2018-06-22,1.21,enebral,2230,6,2018,Syl.con
Sylvia conspicillata,2018-07-30,0.52,robledal,1700,7,2018,Syl.con
Sylvia melanocephala,2018-05-22,0.52,robledal,1700,5,2018,Syl.mel
Sylvia undata,2011-05-06,0.52,robledal,1700,5,2011,Syl.und
Sylvia undata,2012-06-14,0.52,robledal,1700,6,2012,Syl.und
Troglodytes troglodytes,2010-06-08,1.21,enebral,2230,6,2010,Tro.tro
Troglodytes troglodytes,2010-06-09,0.52,robledal,1700,6,2010,Tro.tro
Troglodytes troglodytes,2010-07-07,1.21,enebral,2230,7,2010,Tro.tro
Troglodytes troglodytes,2010-07-22,0.52,robledal,1700,7,2010,Tro.tro
Troglodytes troglodytes,2011-05-06,1.55,robledal,1700,5,2011,Tro.tro
Troglodytes troglodytes,2011-05-27,1.81,enebral,2230,5,2011,Tro.tro
Troglodytes troglodytes,2011-06-20,1.03,robledal,1700,6,2011,Tro.tro
Troglodytes troglodytes,2012-05-07,0.52,robledal,1700,5,2012,Tro.tro
Troglodytes troglodytes,2012-05-30,0.6,enebral,2230,5,2012,Tro.tro
Troglodytes troglodytes,2012-06-12,0.6,enebral,2230,6,2012,Tro.tro
Troglodytes troglodytes,2013-05-13,0.52,robledal,1700,5,2013,Tro.tro
Troglodytes troglodytes,2013-06-18,0.6,enebral,2230,6,2013,Tro.tro
Troglodytes troglodytes,2014-05-08,0.52,robledal,1700,5,2014,Tro.tro
Troglodytes troglodytes,2014-05-27,0.6,enebral,2230,5,2014,Tro.tro
Troglodytes troglodytes,2014-06-24,0.52,robledal,1700,6,2014,Tro.tro
Troglodytes troglodytes,2014-07-24,0.52,robledal,1700,7,2014,Tro.tro
Troglodytes troglodytes,2015-05-20,0.52,robledal,1700,5,2015,Tro.tro
Troglodytes troglodytes,2015-06-25,0.6,enebral,2230,6,2015,Tro.tro
Troglodytes troglodytes,2015-06-30,0.52,robledal,1700,6,2015,Tro.tro
Troglodytes troglodytes,2016-05-31,1.21,enebral,2230,5,2016,Tro.tro
Troglodytes troglodytes,2016-06-22,0.6,enebral,2230,6,2016,Tro.tro
Troglodytes troglodytes,2017-05-30,0.6,enebral,2230,5,2017,Tro.tro
Troglodytes troglodytes,2018-05-22,1.03,robledal,1700,5,2018,Tro.tro
Troglodytes troglodytes,2018-05-31,1.81,enebral,2230,5,2018,Tro.tro
Troglodytes troglodytes,2018-06-22,1.81,enebral,2230,6,2018,Tro.tro
Troglodytes troglodytes,2018-06-26,0.52,robledal,1700,6,2018,Tro.tro
Turdus merula,2008-05-13,1.03,robledal,1700,5,2008,Tur.mer
Turdus merula,2008-05-20,1.55,robledal,1700,5,2008,Tur.mer
Turdus merula,2008-06-05,2.59,robledal,1700,6,2008,Tur.mer
Turdus merula,2008-06-16,2.07,robledal,1700,6,2008,Tur.mer
Turdus merula,2008-07-02,0.52,robledal,1700,7,2008,Tur.mer
Turdus merula,2009-06-15,0.52,robledal,1700,6,2009,Tur.mer
Turdus merula,2010-05-10,0.52,robledal,1700,5,2010,Tur.mer
Turdus merula,2010-07-22,0.52,robledal,1700,7,2010,Tur.mer
Turdus merula,2011-05-06,1.55,robledal,1700,5,2011,Tur.mer
Turdus merula,2011-06-20,2.07,robledal,1700,6,2011,Tur.mer
Turdus merula,2011-07-27,1.03,robledal,1700,7,2011,Tur.mer
Turdus merula,2012-05-07,0.52,robledal,1700,5,2012,Tur.mer
Turdus merula,2012-06-14,1.03,robledal,1700,6,2012,Tur.mer
Turdus merula,2012-07-20,0.52,robledal,1700,7,2012,Tur.mer
Turdus merula,2013-05-13,0.52,robledal,1700,5,2013,Tur.mer
Turdus merula,2013-07-17,0.52,robledal,1700,7,2013,Tur.mer
Turdus merula,2014-05-08,1.03,robledal,1700,5,2014,Tur.mer
Turdus merula,2014-06-24,1.03,robledal,1700,6,2014,Tur.mer
Turdus merula,2014-07-24,0.52,robledal,1700,7,2014,Tur.mer
Turdus merula,2015-05-20,0.52,robledal,1700,5,2015,Tur.mer
Turdus merula,2015-06-30,1.03,robledal,1700,6,2015,Tur.mer
Turdus merula,2015-07-29,0.52,robledal,1700,7,2015,Tur.mer
Turdus merula,2017-07-03,0.52,robledal,1700,7,2017,Tur.mer
Turdus merula,2018-06-26,1.03,robledal,1700,6,2018,Tur.mer
Turdus merula,2018-07-30,3.62,robledal,1700,7,2018,Tur.mer
Turdus philomelos,2018-05-22,0.52,robledal,1700,5,2018,Tur.phi
Turdus viscivorus,2008-05-20,1.03,robledal,1700,5,2008,Tur.vis
Turdus viscivorus,2008-06-05,1.03,robledal,1700,6,2008,Tur.vis
Turdus viscivorus,2008-06-16,0.52,robledal,1700,6,2008,Tur.vis
Turdus viscivorus,2009-05-13,1.03,robledal,1700,5,2009,Tur.vis
Turdus viscivorus,2010-05-10,0.52,robledal,1700,5,2010,Tur.vis
Turdus viscivorus,2010-07-22,0.52,robledal,1700,7,2010,Tur.vis
Turdus viscivorus,2011-05-06,3.62,robledal,1700,5,2011,Tur.vis
Turdus viscivorus,2011-07-27,2.07,robledal,1700,7,2011,Tur.vis
Turdus viscivorus,2012-06-14,3.62,robledal,1700,6,2012,Tur.vis
Turdus viscivorus,2013-05-13,3.62,robledal,1700,5,2013,Tur.vis
Turdus viscivorus,2013-06-07,0.52,robledal,1700,6,2013,Tur.vis
Turdus viscivorus,2018-07-30,2.59,robledal,1700,7,2018,Tur.vis
